City,Lat,Lng,Max Temp,Humidity,Cloudiness,Wind Speed,Country,Date
suntar,62.1444,117.6319,33.26,64,100,4,RU,1650764446
atuona,-9.8,-139.0333,79.5,77,76,16.64,PF,1650764446
talnakh,69.4865,88.3972,-0.8,95,56,3.02,RU,1650763870
sao joao,-8.8756,-36.3667,68.23,95,86,4.65,BR,1650764447
ushuaia,-54.8,-68.3,42.46,75,40,2.3,AR,1650764448
bambous virieux,-20.3428,57.7575,75.45,69,40,16.11,MU,1650764449
ribeira grande,38.5167,-28.7,58.75,68,64,19.37,PT,1650764450
qaanaaq,77.484,-69.3632,-4,77,27,6.51,GL,1650764450
azimur,,,,,,,,
uribia,11.7139,-72.266,81.41,68,98,14.18,CO,1650764451
hithadhoo,-0.6,73.0833,84.45,73,100,5.99,MV,1650763951
lompoc,34.6391,-120.4579,72.57,73,0,32.01,US,1650764332
port lincoln,-34.7333,135.8667,66.58,77,95,17.6,AU,1650763757
carnarvon,-24.8667,113.6333,73.47,83,0,5.75,AU,1650764453
yanan,,,,,,,,
victoria,22.2855,114.1577,83.25,80,65,5.99,HK,1650764397
busselton,-33.65,115.3333,68.58,51,49,10.56,AU,1650764455
tiksi,71.6872,128.8694,8.92,91,100,3.83,RU,1650764455
port hardy,50.6996,-127.4199,50.18,66,75,21.85,CA,1650763816
port elizabeth,-33.918,25.5701,61.11,97,100,13.8,ZA,1650764215
katherine,-14.4667,132.2667,88.12,51,90,12.66,AU,1650764393
santa ines,-3.6667,-45.38,72.88,99,100,1.72,BR,1650764457
puerto ayora,-0.7393,-90.3518,72.19,90,77,6.15,EC,1650764458
pacific grove,36.6177,-121.9166,66.45,76,0,6.91,US,1650764373
paradwip,,,,,,,,
mataura,-46.1927,168.8643,52.48,90,97,8.39,NZ,1650764459
bereda,43.2686,-7.5406,47.41,94,100,4.88,ES,1650764460
rikitea,-23.1203,-134.9692,75.33,77,100,15.55,PF,1650764460
valparaiso,-33.0393,-71.6273,60.48,76,0,6.91,CL,1650764461
sitka,57.0531,-135.33,48.09,71,100,0,US,1650764462
umzimvubu,,,,,,,,
belaya gora,68.5333,146.4167,18.88,82,99,5.03,RU,1650763917
thompson,55.7435,-97.8558,42.96,42,40,17.27,CA,1650764463
jamestown,42.097,-79.2353,67.64,53,0,3.44,US,1650764450
labuhan,-6.8844,112.2051,82.6,79,100,4.52,ID,1650764464
saint-pierre,-21.3393,55.4781,73.9,69,0,6.91,RE,1650763977
punta arenas,-53.15,-70.9167,42.91,93,100,8.05,CL,1650764465
yellowknife,62.456,-114.3525,32.56,59,0,10.36,CA,1650764324
port alfred,-33.5906,26.891,58.17,97,29,1.99,ZA,1650764466
bethel,41.3712,-73.414,56.05,61,100,1.01,US,1650763918
bail hongal,15.8167,74.8667,74.44,63,94,6.82,IN,1650764468
dikson,73.5069,80.5464,1.02,98,99,12.37,RU,1650764468
wukari,7.85,9.7833,76.66,79,100,3.51,NG,1650764469
ballina,-28.8667,153.5667,69.98,80,75,19.57,AU,1650764470
yulara,-25.2406,130.9889,71.44,35,2,13.8,AU,1650764462
nizhneyansk,,,,,,,,
barrow,71.2906,-156.7887,17.62,86,100,4.61,US,1650764381
avarua,-21.2078,-159.775,82.45,74,59,6.91,CK,1650764471
saint-philippe,-21.3585,55.7679,71.19,74,80,11.77,RE,1650764472
provideniya,64.3833,-173.3,33.46,62,92,2.3,RU,1650764473
barentsburg,,,,,,,,
esperance,-33.8667,121.9,62.44,64,8,6.44,AU,1650764474
huasahuasi,-11.3167,-75.6167,40.06,92,71,1.95,PE,1650764474
albany,42.6001,-73.9662,47.88,53,100,2.73,US,1650764203
khatanga,71.9667,102.5,8.02,92,94,5.19,RU,1650764475
semnan,35.5729,53.3971,64.24,24,0,2.3,IR,1650764476
nikolskoye,59.7035,30.7861,38.88,84,100,9.17,RU,1650764477
yichun,47.7,128.9,47.66,27,3,16.42,CN,1650764477
taolanaro,,,,,,,,
bredasdorp,-34.5322,20.0403,56.08,66,93,4.81,ZA,1650764479
bangkal,6.0667,121.0667,84.94,67,20,1.21,PH,1650764479
the valley,18.217,-63.0578,77.83,67,94,16.28,AI,1650764480
smithers,54.7804,-127.1743,48.52,71,100,9.22,CA,1650764480
arraial do cabo,-22.9661,-42.0278,78.01,79,2,10.27,BR,1650764481
new norfolk,-42.7826,147.0587,63.91,49,24,0.83,AU,1650764482
la palma,33.8464,-118.0467,79.07,46,0,12.66,US,1650764456
woodward,36.4337,-99.3904,76.23,15,0,16.11,US,1650764483
east london,-33.0153,27.9116,62.1,90,99,8.23,ZA,1650764484
castro,-24.7911,-50.0119,63.64,86,100,2.62,BR,1650764484
ust-nera,64.5667,143.2,21.69,84,98,5.59,RU,1650764485
salalah,17.0151,54.0924,79.9,82,32,6.71,OM,1650764486
bluff,-46.6,168.3333,52.81,71,89,20.56,NZ,1650764445
teguise,29.0605,-13.564,61.02,68,0,4.61,ES,1650764487
pangai,-19.8,-174.35,79.5,64,100,5.35,TO,1650764487
pangnirtung,66.1451,-65.7125,4.19,78,14,7.52,CA,1650764488
atambua,-9.1061,124.8925,83.79,52,84,1.41,ID,1650764488
illoqqortoormiut,,,,,,,,
shiraz,29.6036,52.5388,49.44,29,0,0,IR,1650764489
boguchany,58.3814,97.4531,24.53,85,100,9.75,RU,1650764490
grand river south east,,,,,,,,
marawi,7.9986,124.2928,80.82,63,21,3.04,PH,1650764491
indramayu,-6.3264,108.32,83.23,73,98,2.55,ID,1650764492
katsuura,35.1333,140.3,64.22,88,100,7.7,JP,1650764492
barra patuca,15.8,-84.2833,78.39,81,16,8.55,HN,1650764493
baykit,61.67,96.37,33.69,75,49,0.74,RU,1650764494
ostrovnoy,68.0531,39.5131,30.81,91,87,14.92,RU,1650764494
butaritari,3.0707,172.7902,81.52,77,54,13.91,KI,1650764495
upernavik,72.7868,-56.1549,1.36,96,74,7.4,GL,1650763901
kapaa,22.0752,-159.319,80.58,79,40,16.11,US,1650764496
severo-kurilsk,50.6789,156.125,35.06,99,100,0.43,RU,1650764496
canyon lake,29.8752,-98.2625,78.58,69,56,20,US,1650764318
hermanus,-34.4187,19.2345,56.97,65,27,1.48,ZA,1650764497
saldanha,-33.0117,17.9442,48.25,71,3,12.62,ZA,1650764498
necochea,-38.5473,-58.7368,60.89,67,42,12.35,AR,1650764499
willowmore,-33.2926,23.4895,49.35,91,3,4.07,ZA,1650764499
bandarbeyla,9.4942,50.8122,81.1,74,37,5.91,SO,1650764500
bathsheba,13.2167,-59.5167,79.41,73,20,16.11,BB,1650764011
den helder,52.9599,4.7593,51.98,77,0,20,NL,1650764501
flin flon,54.7682,-101.865,37.38,80,100,8.75,CA,1650764502
sao geraldo do araguaia,-6.4006,-48.555,73.17,96,100,2.51,BR,1650764502
ponta do sol,32.6667,-17.1,60.71,64,50,1.97,PT,1650764503
chokurdakh,70.6333,147.9167,3.94,90,79,3.06,RU,1650764503
codrington,-38.2667,141.9667,63.9,55,6,9.55,AU,1650763914
mar del plata,-38.0023,-57.5575,64.87,71,75,8.99,AR,1650764504
klaksvik,62.2266,-6.589,43.72,84,100,21.27,FO,1650764505
cape town,-33.9258,18.4232,57.9,72,20,5.99,ZA,1650764506
georgetown,5.4112,100.3354,84.15,83,20,5.01,MY,1650764506
bria,6.5423,21.9863,71.26,86,100,3.18,CF,1650764001
puerto del rosario,28.5004,-13.8627,62.35,67,0,6.91,ES,1650764507
karatoulas,37.7333,21.5333,56.61,80,0,3.56,GR,1650764508
jeremie,18.65,-74.1167,76.75,76,100,2.77,HT,1650764508
vaini,-21.2,-175.2,82.56,65,40,6.91,TO,1650764509
aborlan,9.4352,118.5492,87.87,68,94,6.53,PH,1650764510
bengkulu,-3.8004,102.2655,77,85,100,3.24,ID,1650764510
dingle,10.9995,122.6711,87.21,64,73,9.82,PH,1650764511
novo oriente,-5.5344,-40.7742,69.58,99,100,1.23,BR,1650764511
tucuma,-0.1833,-50.05,73.2,92,100,4.85,BR,1650764512
kaitangata,-46.2817,169.8464,52.47,79,82,13.15,NZ,1650764513
coquimbo,-29.9533,-71.3436,56.93,94,100,3.44,CL,1650764513
xingyi,24.1877,102.817,71.24,52,0,13.51,CN,1650764514
sault sainte marie,46.5168,-84.3333,44.89,74,0,11.5,CA,1650764427
hobart,-42.8794,147.3294,64.26,65,20,5.75,AU,1650764515
aksu,41.1231,80.2644,68.72,33,20,3.62,CN,1650764516
sisimiut,66.9395,-53.6735,28.72,97,100,5.32,GL,1650764516
vao,-22.6667,167.4833,74.88,70,87,23.42,NC,1650763984
okakarara,-20.5833,17.4333,59.05,50,8,5.79,NA,1650764517
constitucion,-35.3333,-72.4167,56.91,90,100,4.99,CL,1650764518
burkhala,,,,,,,,
saskylakh,71.9167,114.0833,6.87,90,17,4.61,RU,1650764519
berekum,7.4534,-2.584,71.87,94,93,3.42,GH,1650764519
lagoa,39.05,-27.9833,57.49,69,2,24.63,PT,1650764520
shache,38.4167,77.2406,67.71,19,2,7.83,CN,1650764521
kuva,,,,,,,,
mahebourg,-20.4081,57.7,75.49,69,40,16.11,MU,1650764522
padang,-0.9492,100.3543,77.05,72,86,0.6,ID,1650764522
sechenovo,55.2244,45.8906,43.09,57,100,2.44,RU,1650764523
nemuro,43.3236,145.575,42.78,71,3,20.07,JP,1650763982
havoysund,70.9963,24.6622,39.43,95,100,25.61,NO,1650764524
souillac,-20.5167,57.5167,75.58,69,40,16.11,MU,1650764022
high level,58.5169,-117.136,50.11,25,20,11.5,CA,1650764525
iwanai,42.9744,140.5089,58.93,39,88,8.97,JP,1650764526
cooma,-36.2333,149.1333,53.37,100,40,5.75,AU,1650764526
bima,-8.4667,118.7167,87.03,69,47,2.46,ID,1650764527
bolungarvik,,,,,,,,
denpasar,-8.65,115.2167,85.71,84,20,5.75,ID,1650764528
rio grande,-32.035,-52.0986,58.39,65,0,7.4,BR,1650764528
vikulovo,56.8167,70.6107,31.21,52,86,5.28,RU,1650764529
agadir,30.4202,-9.5982,59.45,78,89,6.35,MA,1650764530
cururupu,-1.8283,-44.8683,73,98,100,2.21,BR,1650764530
kahului,20.8947,-156.47,84.22,54,40,21.85,US,1650764531
raton,36.9034,-104.4391,54.21,21,0,16.11,US,1650764531
camasca,14,-88.3833,74.82,62,99,0.72,HN,1650764532
djenne,13.9061,-4.5533,84.6,12,21,10.87,ML,1650764533
te anau,-45.4167,167.7167,54.73,69,100,4.27,NZ,1650764533
iskateley,67.6803,53.1512,8.01,95,100,5.53,RU,1650764534
wyndham,37.6985,-77.6125,72.39,72,0,5.75,US,1650764534
adeje,28.1227,-16.726,62.02,73,20,5.75,ES,1650764299
luderitz,-26.6481,15.1594,54.28,77,6,23.82,NA,1650764535
mahanoro,-19.9,48.8,74.8,91,100,9.26,MG,1650764536
azangaro,-14.9167,-70.2167,42.35,76,57,2.28,PE,1650764537
general roca,-39.0333,-67.5833,56.62,36,0,24.18,AR,1650764537
bairiki,1.3292,172.9752,86,74,20,14.97,KI,1650764538
kysyl-syr,63.8986,122.7617,26.56,77,99,2.44,RU,1650764538
gamba,-2.65,10,76.26,91,100,1.88,GA,1650764539
labutta,,,,,,,,
wattegama,6.7989,81.4808,77.86,83,41,1.39,LK,1650764540
puerto leguizamo,-0.1934,-74.7819,73.94,94,12,0.09,CO,1650764540
erenhot,43.6475,111.9767,59.2,24,63,7.2,CN,1650763993
lorca,37.6712,-1.7017,50.32,72,0,4.83,ES,1650764541
osmanabad,18.1667,76.05,86.07,39,100,2.68,IN,1650764542
torbay,47.6666,-52.7314,33.76,92,100,17.27,CA,1650764542
ilulissat,69.2167,-51.1,26.62,93,40,5.75,GL,1650764543
beringovskiy,63.05,179.3167,28.76,80,91,1.36,RU,1650764393
cam ranh,11.9214,109.1591,85.96,66,0,1.14,VN,1650764544
danjiangkou,32.5428,111.5086,70.88,81,100,5.3,CN,1650764544
turukhansk,65.8167,87.9833,13.14,88,95,6.89,RU,1650764545
port moresby,-9.4431,147.1797,76.42,100,100,17.27,PG,1650764546
maceio,-9.6658,-35.7353,76.44,94,75,3.44,BR,1650764546
tchaourou,8.8865,2.5975,76.17,80,100,7.27,BJ,1650764547
tonj,7.2737,28.6822,78.62,62,97,4.27,SS,1650764548
vredendal,-31.6683,18.5012,51.44,82,0,8.72,ZA,1650764548
jiayuguan,39.8167,98.3,63.63,15,13,2.84,CN,1650764549
hilo,19.7297,-155.09,81.28,77,75,8.05,US,1650764549
mayo,38.8876,-76.5119,65.26,69,0,8.05,US,1650764550
campos sales,-7.0744,-40.3761,68.85,88,100,5.86,BR,1650764550
saint-paul,-21.0096,55.2707,74.35,70,88,4.76,RE,1650764551
samusu,,,,,,,,
pitimbu,-7.4706,-34.8086,75.79,83,100,7.2,BR,1650764553
kasongo-lunda,-6.4667,16.8167,69.71,99,100,1.61,CD,1650764554
el sauce,12.8869,-86.539,82.2,62,91,2.57,NI,1650764554
cherskiy,68.75,161.3,21.4,79,100,3.24,RU,1650764471
rancho palos verdes,33.7445,-118.387,75.42,62,0,11.01,US,1650764555
hihifo,,,,,,,,
luziania,-16.2525,-47.9503,71.29,67,6,1.1,BR,1650764556
changji,44.0167,87.3167,66.99,26,0,11.18,CN,1650764557
mundybash,53.211,87.2983,33.33,55,99,2.95,RU,1650764558
waipawa,-41.4122,175.5153,61.57,52,76,4.7,NZ,1650764558
asau,46.4333,26.4,47.95,100,33,3.74,RO,1650764559
longlac,,,,,,,,
segezha,63.7415,34.3222,25.3,94,93,4.34,RU,1650764560
pangoa,-12.1167,-73,69.12,97,84,2.75,PE,1650764561
ixtapa,20.7,-105.2,74.43,83,0,10.36,MX,1650764561
milkovo,54.7167,158.6167,33.76,95,100,8.43,RU,1650764562
naryan-mar,67.6713,53.087,8.17,95,100,5.55,RU,1650764558
prescott,34.54,-112.4685,61.16,15,0,9.22,US,1650764563
bocaiuva,-17.1078,-43.815,69.51,48,24,2.89,BR,1650764563
vanavara,60.34,102.2797,28.72,78,100,3.96,RU,1650764564
tsihombe,,,,,,,,
amderma,,,,,,,,
lebu,-37.6167,-73.65,54.59,84,74,13.13,CL,1650764565
marcona,,,,,,,,
kodiak,57.79,-152.4072,44.11,81,100,20.71,US,1650764566
tuktoyaktuk,69.4541,-133.0374,30.2,74,0,4.61,CA,1650764567
richards bay,-28.783,32.0377,67.66,95,5,2.51,ZA,1650764568
hamilton,39.1834,-84.5333,74.64,56,0,5.75,US,1650764286
saint george,37.1041,-113.5841,65.62,19,20,12.66,US,1650764569
rawson,-43.3002,-65.1023,57.27,39,0,23.62,AR,1650764569
hargeysa,9.56,44.065,72.82,60,70,10.31,SO,1650764570
sao filipe,14.8961,-24.4956,74.23,75,0,7.38,CV,1650764571
tocopilla,-22.092,-70.1979,65.35,71,59,3.91,CL,1650764571
biak,-0.9131,122.8766,83.39,71,30,1.63,ID,1650764572
ancud,-41.8697,-73.8203,52.23,87,100,26.24,CL,1650764470
mount pleasant,32.7941,-79.8626,69.01,93,0,1.99,US,1650764573
bubaque,11.2833,-15.8333,76.55,78,13,13.09,GW,1650764574
itarema,-2.9248,-39.9167,73.8,95,100,11.83,BR,1650764574
hirara,24.8,125.2833,80.46,89,75,14.97,JP,1650764575
college,64.8569,-147.8028,53.58,32,75,4.61,US,1650764572
dunedin,-45.8742,170.5036,55.8,64,97,18.99,NZ,1650764464
delmas,18.5447,-72.3028,79.52,74,100,4.61,HT,1650764576
rosetta,31.4044,30.4164,62.01,80,2,7.85,EG,1650764577
rajula,21.05,71.4333,85.33,38,5,13.8,IN,1650764577
jalalabad,34.4265,70.4515,78.01,30,11,1.39,AF,1650764578
tank,32.2217,70.3793,83.61,27,100,0.16,PK,1650764579
pilar,-9.5972,-35.9567,75.13,95,29,1.12,BR,1650764315
dukat,62.55,155.55,18.43,84,100,6.11,RU,1650764580
chuy,-33.6971,-53.4616,53.6,69,0,7.2,UY,1650764580
comodoro rivadavia,-45.8667,-67.5,51.66,50,0,32.21,AR,1650764561
boyolangu,-8.1181,111.8935,83.28,74,100,3.51,ID,1650764581
trinidad,-14.8333,-64.9,75.27,87,34,3.2,BO,1650764444
vaasa,63.096,21.6158,30.94,93,0,2.3,FI,1650764582
pagudpud,18.5616,120.7868,88.45,57,6,3.62,PH,1650764583
plettenberg bay,-34.0527,23.3716,58.93,84,51,8.55,ZA,1650764584
dawson creek,55.7666,-120.2362,56.84,26,75,3.44,CA,1650764537
kaifeng,34.7911,114.3483,77.56,60,100,11.86,CN,1650764585
gizo,-8.103,156.8419,85.32,63,96,3.44,SB,1650764585
qabaqcol,41.72,46.2647,50.23,59,0,0.45,AZ,1650764586
boa vista,2.8197,-60.6733,84.18,65,0,6.91,BR,1650764587
zhangye,38.9342,100.4517,65.84,13,3,2.98,CN,1650764587
guerrero negro,27.9769,-114.0611,59.77,76,0,19.22,MX,1650764487
vestmanna,62.1564,-7.1664,41.92,75,100,3.44,FO,1650764588
narsaq,60.9167,-46.05,39.42,98,100,3.29,GL,1650764589
lodja,-3.4833,23.4333,69.22,99,99,1.97,CD,1650764590
nukus,42.4531,59.6103,53.58,71,0,4.61,UZ,1650764590
porto velho,-8.7619,-63.9039,80.65,89,0,1.14,BR,1650764591
bulgan,48.8125,103.5347,36.68,50,61,6.78,MN,1650764591
trat,12.5,102.5,86.88,77,54,4.03,TH,1650764592
esplanada,-11.7961,-37.945,71.92,95,2,3.04,BR,1650764529
acapulco,16.8634,-99.8901,82.22,69,20,9.22,MX,1650764555
fortuna,40.5982,-124.1573,55.85,83,0,13.8,US,1650764594
orotukan,62.2667,151.7,21.22,84,100,7.92,RU,1650764594
barra velha,-26.6322,-48.6847,71.51,88,100,4.16,BR,1650764402
colares,38.7992,-9.4469,54.75,75,10,5.99,PT,1650764595
vale,41.6156,42.8722,46.56,71,0,3.44,GE,1650764596
cidreira,-30.1811,-50.2056,59.27,72,0,7.09,BR,1650764597
nikel,69.4128,30.222,37.58,98,100,10.63,RU,1650764597
buba,11.5833,-15,73.74,82,6,4.97,GW,1650764598
saint-augustin,51.226,-58.6502,33.96,98,100,14.18,CA,1650764599
bang saphan,11.2126,99.5117,87.85,59,83,1.52,TH,1650764599
lasa,46.6166,10.7002,45.48,98,99,7.34,IT,1650764600
torokszentmiklos,47.1833,20.4167,49.23,100,51,4.61,HU,1650764600
monrovia,6.3005,-10.7969,78.57,84,100,5.84,LR,1650764601
chipinge,-20.1883,32.6236,58.57,95,6,2.08,ZW,1650764602
barabai,-2.5833,115.3833,87.03,70,2,1.66,ID,1650764602
mehamn,71.0357,27.8492,38.77,96,100,19.6,NO,1650764603
anzio,41.4853,12.6179,59.99,89,62,13.33,IT,1650764604
mahibadhoo,3.7833,72.9667,84.24,70,100,4.09,MV,1650764604
sur,22.5667,59.5289,82.49,50,51,10.6,OM,1650764605
ahipara,-35.1667,173.1667,64.87,65,100,14.94,NZ,1650764605
zeya,53.75,127.2667,41.41,35,6,10.04,RU,1650764606
bauchi,10.5,10,83.14,35,99,5.01,NG,1650764607
port hedland,-20.3167,118.5667,89.65,17,0,13.8,AU,1650764566
tsovak,40.1825,45.6329,45.3,61,0,4.61,AM,1650764608
lujan,-34.5703,-59.105,59.95,81,98,12.88,AR,1650764608
buin,-33.7333,-70.75,64.74,61,86,2.15,CL,1650764592
ayan,56.45,138.1667,27.86,85,100,4.38,RU,1650764609
muroto,33.2833,134.15,63.05,93,100,17.27,JP,1650764610
moose factory,51.2585,-80.6094,33.8,64,100,11.5,CA,1650764611
airai,-8.9266,125.4092,73.85,45,14,3.33,TL,1650764611
gravdal,68.1214,13.5031,40.98,84,100,8.03,NO,1650764612
loukhi,66.0764,33.0381,30.83,97,100,3.42,RU,1650764613
sorvag,,,,,,,,
marzuq,14.4,46.4667,68,46,17,5.64,YE,1650764614
sola,-13.8833,167.55,82.29,68,60,3.6,VU,1650764614
lenger,42.183,69.8839,54.84,66,100,6.89,KZ,1650764615
sambava,-14.2667,50.1667,74.62,92,97,8.72,MG,1650764615
la fleche,47.6982,-0.0755,53.85,96,100,6.49,FR,1650764616
vila do maio,15.1333,-23.2167,75.99,78,2,15.77,CV,1650764617
kawalu,-7.3817,108.2082,81.93,76,92,1.7,ID,1650764617
barbar,,,,,,,,
buraydah,26.326,43.975,66.65,57,100,12.41,SA,1650764486
kalundborg,55.6795,11.0886,47.95,76,11,18.41,DK,1650764619
gidole,5.65,37.3667,55.72,88,100,2.3,ET,1650764619
sehnde,52.3139,9.9682,46.94,83,2,9.89,DE,1650764620
vila franca do campo,37.7167,-25.4333,57.2,76,31,12.88,PT,1650764620
caloundra,-26.8,153.1333,76.89,64,67,18.92,AU,1650764621
le port,-20.9373,55.2919,74.25,64,86,8.63,RE,1650764622
mormugao,15.4,73.8,83.28,80,100,4.68,IN,1650764622
roebourne,-20.7833,117.1333,87.42,28,2,16.13,AU,1650764623
laiagam,,,,,,,,
tual,-5.6667,132.75,83.77,71,75,5.06,ID,1650764549
las vegas,36.175,-115.1372,74.08,15,0,16.11,US,1650764407
paradise,36.0972,-115.1467,73.9,16,20,16.11,US,1650764570
channel-port aux basques,47.5702,-59.1367,32.74,93,93,14.9,CA,1650764625
touros,-5.1989,-35.4608,76.41,89,100,7.72,BR,1650764399
vestmannaeyjar,63.4427,-20.2734,45.77,87,99,6.78,IS,1650764626
svetlogorsk,52.6333,29.7333,39.52,95,52,5.68,BY,1650764627
nosivka,50.9315,31.5828,46.09,89,80,8.52,UA,1650764627
los llanos de aridane,28.6585,-17.9182,58.75,80,75,5.99,ES,1650764628
kamenka,51.3223,42.7678,47.26,65,60,5.21,RU,1650764629
haines junction,60.7522,-137.5108,44.55,45,100,5.75,CA,1650764629
nizwa,22.9333,57.5333,74.95,47,50,1.19,OM,1650764630
surovatikha,55.7652,43.8984,41.36,72,100,2.93,RU,1650764630
chokwe,-24.5333,32.9833,67.35,93,27,3.69,MZ,1650764631
manga,11.6636,-1.0731,86.97,14,64,2.98,BF,1650764632
nuevo progreso,23.1667,-97.95,77.54,67,4,3,MX,1650764632
sentyabrskiy,,,,,,,,
tombouctou,20,-3,75.38,12,54,10.13,ML,1650764633
madang,-5.2246,145.7966,86.63,61,46,4.85,PG,1650764634
utiroa,,,,,,,,
evensk,61.95,159.2333,28.72,72,93,23.6,RU,1650764635
jining,35.405,116.5814,79.61,46,98,11.95,CN,1650764636
faya,18.3851,42.4509,60.91,41,25,3.65,SA,1650764636
sao jose da coroa grande,-8.8978,-35.1478,77.58,87,18,4.79,BR,1650764637
hwange,-18.3693,26.5019,67.62,78,76,2.57,ZW,1650764637
luang prabang,19.8856,102.1347,75.16,88,40,0,LA,1650764638
yotsukaido,35.65,140.1667,67.82,70,100,9.93,JP,1650764639
camargo,27.6667,-105.1667,82.18,7,0,17.09,MX,1650764639
tahe,52.3333,124.7333,41.36,24,3,10.07,CN,1650764640
port keats,-14.25,129.55,90.75,36,0,10.29,AU,1650764641
ust-kamchatsk,,,,,,,,
bhandara,21.1667,79.65,91.83,28,5,5.37,IN,1650764642
alofi,-19.0595,-169.9187,84.09,65,18,5.75,NU,1650764642
tarakan,3.3,117.6333,85.5,79,75,5.75,ID,1650764643
tigil,57.8,158.6667,34.3,100,100,7.02,RU,1650764644
koygorodok,60.445,50.9968,39.31,98,100,1.54,RU,1650764644
egvekinot,66.3167,-179.1667,23.49,83,100,1.99,RU,1650764645
srednekolymsk,67.45,153.6833,20.64,79,100,3.24,RU,1650764645
clyde river,70.4692,-68.5914,-7.37,84,75,4.61,CA,1650764646
guozhen,34.3659,107.359,61.54,92,100,7.27,CN,1650764646
kavaratti,10.5669,72.642,84.33,70,95,3.6,IN,1650764647
takoradi,4.8845,-1.7554,79.54,88,99,6.26,GH,1650764648
springbok,-29.6643,17.8865,41.02,93,38,4.5,ZA,1650764648
kamenskiy,50.8855,45.488,46.06,82,35,4,RU,1650764649
lorengau,-2.0226,147.2712,84.65,72,91,8.97,PG,1650764649
tagusao,9.1924,117.8141,85.57,69,85,5.19,PH,1650764650
fuling,29.7022,107.3919,75.7,81,100,2.19,CN,1650764650
ginda,30.6945,78.4932,65.55,19,0,3.69,IN,1650764651
birjand,32.8663,59.2211,54.07,62,20,0,IR,1650764652
yeppoon,-23.1333,150.7333,74.98,75,71,25.21,AU,1650764652
shimoda,34.6667,138.95,64.76,93,100,10.92,JP,1650764653
tuatapere,-46.1333,167.6833,51.08,80,100,13.22,NZ,1650764653
miramar,25.9873,-80.2323,77.02,73,100,13.8,US,1650764368
la paz,-16.5,-68.15,46.38,49,14,6.91,BO,1650764654
auki,-8.7676,160.7034,84.97,67,100,1.77,SB,1650764655
ayagoz,47.9714,80.4392,31.3,58,99,23.17,KZ,1650764655
petropavlovsk-kamchatskiy,53.0452,158.6483,41.59,75,75,8.95,RU,1650764656
mys shmidta,,,,,,,,
norman wells,65.282,-126.8329,44.64,49,0,16.11,CA,1650764657
port-gentil,-0.7193,8.7815,80.58,81,100,6.71,GA,1650764658
poum,-20.2333,164.0167,77.9,71,53,8.66,NC,1650764658
antofagasta,-23.65,-70.4,60.08,78,25,1.03,CL,1650764523
nuuk,64.1835,-51.7216,32.88,93,75,25.01,GL,1650764482
saint anthony,45.0205,-93.218,62.53,82,100,24.16,US,1650764659
korla,41.7597,86.1469,71.29,20,0,4.76,CN,1650764660
belushya guba,,,,,,,,
karkaralinsk,,,,,,,,
aykhal,66,111.5,16.07,83,100,4.85,RU,1650764661
kalmunai,7.4167,81.8167,80.42,80,93,5.97,LK,1650764662
riyadh,24.6877,46.7219,80.74,24,69,8.57,SA,1650764663
kosonsoy,41.2561,71.5508,57.76,55,99,2.66,UZ,1650764663
togur,58.3631,82.8265,28.71,85,100,6.31,RU,1650764664
portland,45.5234,-122.6762,66.27,40,40,4,US,1650763978
salinas,36.6777,-121.6555,68.81,58,0,10.36,US,1650764167
blackfoot,43.1905,-112.345,52.61,48,100,6.46,US,1650764665
altamira,-3.2033,-52.2064,72.23,99,100,0.98,BR,1650764666
saint-joseph,-21.3667,55.6167,70.18,71,60,12.53,RE,1650764666
mergui,,,,,,,,
el vigia,8.6219,-71.6506,77.58,83,90,1.21,VE,1650764667
tumannyy,,,,,,,,
natal,-5.795,-35.2094,74.05,100,0,4.61,BR,1650764668
sitarganj,28.9333,79.7,83.84,15,0,3.47,IN,1650764669
new port richey,28.2442,-82.7193,77.02,66,0,7,US,1650764396
kazalinsk,,,,,,,,
fengcheng,40.4536,124.0717,61.29,48,98,3.47,CN,1650764670
carikar,,,,,,,,
faanui,-16.4833,-151.75,79.75,77,75,8.25,PF,1650764671
almeirim,-1.5233,-52.5817,73.89,98,100,1.66,BR,1650764490
dubai,25.2582,55.3047,80.53,65,89,3.44,AE,1650764612
lolua,,,,,,,,
marienburg,54.0359,19.0266,43.12,95,25,6.06,PL,1650764673
palora,-1.7,-77.9333,66.02,98,100,2.46,EC,1650764467
makakilo city,21.3469,-158.0858,77.32,72,100,14.97,US,1650764603
leningradskiy,69.3833,178.4167,25.92,88,100,3.83,RU,1650764674
huaidian,33.4333,115.0333,79.3,60,64,10.02,CN,1650764675
liverpool,53.4106,-2.9779,47.28,81,0,12.66,GB,1650764462
nanortalik,60.1432,-45.2371,34.86,99,100,6.67,GL,1650764676
grand gaube,-20.0064,57.6608,75.6,67,100,7,MU,1650764676
santo antonio do sudoeste,-26.0736,-53.7253,57.56,93,0,2.95,BR,1650764677
savannah bight,16.45,-85.85,81.27,73,18,12.97,HN,1650764678
rocha,-34.4833,-54.3333,53.76,65,0,6.93,UY,1650764679
masjed-e soleyman,,,,,,,,
shelburne,44.0787,-80.2041,45.39,67,11,14.23,CA,1650764680
point pleasant,40.0832,-74.0682,57.29,80,100,4.61,US,1650764681
varberg,57.1056,12.2508,46.06,67,93,13.87,SE,1650764681
madaoua,14.073,5.96,87.66,14,10,8.57,NE,1650764682
naron,43.5167,-8.1528,52.68,90,91,8.61,ES,1650764683
louisbourg,,,,,,,,
kavieng,-2.5744,150.7967,84.85,67,45,10.36,PG,1650764684
taybad,34.74,60.7756,61.56,64,95,7.76,IR,1650764684
kyren,51.6828,102.1408,34.66,55,100,2.51,RU,1650764685
attawapiskat,,,,,,,,
storsteinnes,69.2408,19.2344,38.37,79,51,3.09,NO,1650764686
fare,-16.7,-151.0167,79.95,78,99,10.71,PF,1650764686
hasaki,35.7333,140.8333,66.6,87,100,12.68,JP,1650764631
santa barbara,34.7333,-120.0343,66.31,58,0,14.97,US,1650764502
san luis,-33.295,-66.3356,60.89,61,0,9.78,AR,1650764568
ponta delgada,37.7333,-25.6667,57.51,76,20,14.97,PT,1650764688
cabo san lucas,22.8909,-109.9124,75.51,74,0,10.36,MX,1650764486
namatanai,-3.6667,152.4333,85.69,62,90,5.95,PG,1650764689
ippy,6.2679,21.2247,70.16,91,100,3.31,CF,1650764690
kaliganj,23.4095,89.1402,89.64,55,2,13.42,BD,1650764690
olafsvik,64.8945,-23.7142,45.01,83,99,6.62,IS,1650764480
mbini,1.574,9.6134,78.64,89,100,6.62,GQ,1650764691
carbonia,39.1672,8.5222,57.85,94,87,3.56,IT,1650764692
baijiantan,45.6333,85.1833,54.86,58,100,11.77,CN,1650764693
otradnoye,59.7775,30.8181,39.04,83,100,9.28,RU,1650764693
pisco,-13.7,-76.2167,64.45,88,0,3.44,PE,1650764694
palabuhanratu,,,,,,,,
halalo,,,,,,,,
tura,25.5198,90.2201,79.12,78,6,6.93,IN,1650764695
vallenar,-28.5708,-70.7581,62.1,71,0,2.3,CL,1650764696
tres arroyos,-38.3739,-60.2798,60.22,53,21,10.67,AR,1650764697
maningrida,-12.0667,134.2667,88.9,51,100,1.5,AU,1650764698
nam tha,,,,,,,,
ati,13.2154,18.3353,85.3,17,99,1.72,TD,1650764699
san carlos de bariloche,-41.1456,-71.3082,42.55,87,75,27.63,AR,1650764699
imeni poliny osipenko,52.4201,136.4853,30.87,96,100,13.4,RU,1650764700
mamallapuram,12.6264,80.1722,84.25,74,98,2.62,IN,1650764701
arlit,18.7369,7.3853,83.57,6,69,8.19,NE,1650764701
vicuna,-30.0319,-70.7081,49.73,53,4,1.74,CL,1650764702
cockburn town,21.4612,-71.1419,77.2,74,100,19.69,TC,1650764667
fairbanks,64.8378,-147.7164,53.6,31,75,4.61,US,1650764703
xichang,27.8964,102.2634,70.41,67,19,3.15,CN,1650764704
umm kaddadah,13.6017,26.6876,78.19,9,4,11.36,SD,1650764704
moradabad,28.8333,78.7833,84.61,15,0,10.51,IN,1650764477
kargasok,59.0556,80.8572,24.64,90,97,11.86,RU,1650764705
gusinoye ozero,51.1144,106.2614,36.46,45,98,3.87,RU,1650764706
koroni,36.8,21.95,59.07,78,0,6.73,GR,1650764707
luba,3.4568,8.5547,76.89,86,100,5.03,GQ,1650764708
dwarka,22.2394,68.9678,81.09,73,0,11.79,IN,1650764708
tanout,14.9709,8.8879,85.41,16,84,0.98,NE,1650764709
manavalakurichi,8.1333,77.3,81.25,79,43,5.39,IN,1650764710
cassilandia,-19.1133,-51.7342,71.73,73,32,2.57,BR,1650764710
krasnoyarsk-66,,,,,,,,
korampallam,8.7667,78.1,80.89,83,40,2.3,IN,1650764711
oshakati,-17.7833,15.6833,67.53,42,6,7.11,NA,1650764712
turayf,31.6725,38.6637,61.05,82,0,0,SA,1650764713
aporawan,,,,,,,,
turtkul,,,,,,,,
formoso do araguaia,,,,,,,,
uige,-7.6087,15.0613,65.52,99,88,0.92,AO,1650764714
hualmay,-11.0964,-77.6139,67.46,86,13,8.72,PE,1650764715
redmond,47.674,-122.1215,62.24,51,83,5.01,US,1650764244
yarmolyntsi,49.1924,26.8373,38.82,92,98,5.84,UA,1650764716
stromness,58.965,-3.296,44.56,90,54,4,GB,1650764717
mikhaylovka,50.06,43.2379,47.7,63,46,4.61,RU,1650764717
mbala,-8.8402,31.3659,59.74,94,92,8.14,ZM,1650764718
alexandria,31.2156,29.9553,60.76,88,0,4.61,EG,1650764696
mbaiki,3.8678,17.9892,69.49,97,100,3.74,CF,1650764719
tucurui,-3.7661,-49.6725,72.57,99,100,2.37,BR,1650764720
maragogi,-9.0122,-35.2225,77,88,13,4.34,BR,1650764633
pevek,69.7008,170.3133,16.68,89,99,1.83,RU,1650764721
prince rupert,54.3161,-130.3201,44.69,87,100,41.43,CA,1650764477
aguining,10.0861,124.5944,82.71,75,96,1.99,PH,1650764722
uyuni,-20.4597,-66.825,44.85,16,6,7.87,BO,1650764723
ventspils,57.3894,21.5606,42.73,75,0,12.66,LV,1650764723
quebec,46.8123,-71.2145,39.54,71,20,4.61,CA,1650764500
bethanien,-26.502,17.1583,54.72,66,5,5.55,NA,1650764724
dustlik,40.5247,68.0358,69.44,49,100,4.74,UZ,1650764725
avera,33.194,-82.5271,68.05,69,0,8.16,US,1650764726
iquitos,-3.7481,-73.2472,77.04,100,20,3.44,PE,1650764726
sinnamary,5.3833,-52.95,76.98,90,100,7.14,GF,1650764727
adrar,20.5022,-10.0711,69.85,31,0,10.96,MR,1650764551
latung,5.5,120.8833,82.51,74,17,1.48,PH,1650764728
veinticinco de mayo,-35.4323,-60.1727,60.98,71,37,1.01,AR,1650764729
novopokrovka,49.8425,36.5477,50.38,86,100,6.35,UA,1650764729
nantucket,41.2835,-70.0995,51.94,71,100,6.91,US,1650764730
trincomalee,8.5711,81.2335,80.04,82,89,5.59,LK,1650764731
matara,5.9485,80.5353,79.38,85,49,5.66,LK,1650764731
fort-shevchenko,44.5086,50.263,51.42,82,3,5.19,KZ,1650764732
lazaro cardenas,17.9583,-102.2,77.07,71,7,7.54,MX,1650764732
ambilobe,-13.2,49.05,70.56,92,75,3.71,MG,1650764733
kaeo,-35.1,173.7833,69.33,68,43,11.21,NZ,1650764725
berlevag,70.8578,29.0864,37.2,96,100,15.79,NO,1650764734
walvis bay,-22.9575,14.5053,55.09,87,0,0,NA,1650764735
luanda,-8.8368,13.2343,75.94,89,99,5.03,AO,1650764735
nhulunbuy,-12.2333,136.7667,88.41,66,75,9.22,AU,1650764736
svencionys,55.15,26.1667,40.71,96,100,1.54,LT,1650764737
henties bay,-22.116,14.2845,59.11,88,71,9.51,NA,1650764737
lodi,38.1302,-121.2725,76.93,33,0,8.05,US,1650764738
samatau,,,,,,,,
roma,43.2128,-75.4557,48.87,88,100,3.44,US,1650764739
alice springs,-23.7,133.8833,71.15,32,75,12.66,AU,1650764643
burdur,37.7203,30.2908,47.1,71,0,4.61,TR,1650764740
nadym,65.5333,72.5167,8.08,94,95,3.47,RU,1650764624
savelugu,9.6244,-0.8253,87.42,47,73,10.33,GH,1650764741
kuche,,,,,,,,
khandyga,62.6667,135.6,31.24,74,74,2.51,RU,1650764742
traverse city,44.7631,-85.6206,73.6,63,75,0,US,1650764743
tezu,27.9167,96.1667,71.08,81,100,2.8,IN,1650764743
bage,-31.3314,-54.1069,47.98,87,0,3.44,BR,1650764744
hays,30.0502,-98.0336,76.93,67,30,7,US,1650764744
talara,-4.5772,-81.2719,67.37,91,28,11.59,PE,1650764745
makrana,27.05,74.7167,83.66,14,53,3.96,IN,1650764746
vurnary,55.4904,46.9648,39.76,62,100,3.44,RU,1650764746
qui nhon,13.7667,109.2333,83.98,72,62,5.35,VN,1650764747
marsh harbour,26.5412,-77.0636,74.8,66,67,19.69,BS,1650764748
orgun,,,,,,,,
husavik,66.0449,-17.3389,43.84,77,90,5.61,IS,1650764749
zhitikara,,,,,,,,
vardo,70.3705,31.1107,37.58,97,100,12.71,NO,1650764750
longyearbyen,78.2186,15.6401,19.24,79,75,18.41,SJ,1650764750
kyabram,-36.3167,145.05,66.87,51,0,4.47,AU,1650764751
inhambane,-23.865,35.3833,71.89,85,0,1.63,MZ,1650764752
kharp,66.8014,65.8081,7.75,81,100,2.08,RU,1650764752
sabang,5.8933,95.3214,84.11,74,100,9.73,ID,1650764753
manggar,-2.8833,108.2667,85.71,70,100,5.46,ID,1650764753
otaru,43.1894,141.0022,58.84,45,98,3.38,JP,1650764754
laguna,38.421,-121.4238,79.09,17,0,9.22,US,1650764755
kutum,14.2,24.6667,73.96,12,3,6.64,SD,1650764755
bow island,49.8668,-111.3684,53.78,37,100,11.5,CA,1650764716
kasangulu,-4.5911,15.1708,72.54,98,100,2.3,CD,1650764756
tiznit,29.5833,-9.5,52.29,82,77,9.35,MA,1650764757
erzin,36.9559,36.2,69.22,31,1,7.11,TR,1650764758
wundanyi,-3.4019,38.364,61.99,90,94,1.5,KE,1650764758
mayumba,-3.432,10.6554,77.61,87,100,1.57,GA,1650764759
karratha,-20.7377,116.8463,88.2,31,4,13.24,AU,1650764759
fatsa,41.0278,37.5014,46.2,72,0,4.18,TR,1650764760
flinders,-34.5833,150.8552,71.19,75,24,5.99,AU,1650764761
yumen,40.2833,97.2,65.17,16,63,7.65,CN,1650764762
grindavik,63.8424,-22.4338,43.27,81,75,2.3,IS,1650764762
sobolevo,54.4299,31.8996,46.53,93,100,13.82,RU,1650764763
manokwari,-0.8667,134.0833,83.03,74,94,6.4,ID,1650764764
sindhnur,15.7833,76.7667,86.59,40,88,8.59,IN,1650764764
udachnyy,66.4167,112.4,19.45,78,98,4.43,RU,1650764765
marsa matruh,31.3525,27.2453,57.4,88,0,4.61,EG,1650764722
kruisfontein,-34.0033,24.7314,58.89,91,66,11.12,ZA,1650764766
west wendover,40.7391,-114.0733,52.81,24,40,13.8,US,1650764766
san quintin,30.4833,-115.95,60.19,72,0,12.59,MX,1650764767
shakhtinsk,49.71,72.5872,31.68,43,93,18.41,KZ,1650764768
kununurra,-15.7667,128.7333,87.78,40,4,12.66,AU,1650764627
bay roberts,47.5999,-53.2648,34.52,89,100,5.01,CA,1650764770
belmonte,-15.8631,-38.8828,78.01,88,5,6.02,BR,1650764771
darovskoy,58.77,47.9564,39.27,82,88,0.92,RU,1650764772
ulcinj,41.9294,19.2244,50.22,80,35,6.13,ME,1650764773
caravelas,-17.7125,-39.2481,76.77,94,9,6.33,BR,1650764773
lata,40.1629,-8.3327,47.07,95,15,2.15,PT,1650764774
gawler,-34.6,138.7333,80.1,47,8,18.1,AU,1650764774
khormuj,,,,,,,,
binzhou,37.3667,118.0167,81.75,41,83,9.71,CN,1650764775
jamame,0.0722,42.7506,83.57,67,99,11.48,SO,1650764776
taltal,-25.4,-70.4833,61.16,84,22,1.92,CL,1650764777
manchester,53.4809,-2.2374,47.37,80,0,14.97,GB,1650764478
khani,41.9563,42.9566,56.77,66,0,7.54,GE,1650764777
dong hoi,17.4833,106.6,85.91,66,7,5.19,VN,1650764778
edd,13.9297,41.6925,87.96,47,1,15.21,ER,1650764779
santa rosa,14.3122,121.1114,90.09,64,9,9.6,PH,1650764779
burica,,,,,,,,
kendal,54.3268,-2.7476,45.59,89,3,13.4,GB,1650764780
zhezkazgan,47.8043,67.7144,39.18,65,100,17.9,KZ,1650764781
emerald,-23.5333,148.1667,73.54,64,100,13.8,AU,1650764781
mondeville,49.175,-0.3224,54.55,93,93,5.75,FR,1650764782
kenai,60.5544,-151.2583,54.03,43,75,10.36,US,1650764783
vaitupu,,,,,,,,
keti bandar,24.1447,67.4497,80.62,77,57,13.87,PK,1650764783
makeni,8.8833,-12.05,74.46,85,100,0.67,SL,1650764784
sofiysk,,,,,,,,
shangrao,28.4532,117.9686,78.33,74,0,4.29,CN,1650764785
merrill,45.1805,-89.6835,71.37,76,100,1.01,US,1650764786
coihaique,-45.5752,-72.0662,41.61,93,100,4.61,CL,1650764786
dudinka,69.4058,86.1778,-0.38,100,100,2.77,RU,1650764787
xuddur,4.1213,43.8894,74.16,86,82,12.66,SO,1650764787
qeshm,26.9581,56.2719,73.29,78,6,1.74,IR,1650764670
lardos,36.0942,28.0157,60.94,59,0,6.71,GR,1650764788
khash,28.2211,61.2158,65.68,36,12,1.97,IR,1650764789
ardistan,,,,,,,,
kuminskiy,58.6667,66.5667,30.56,71,93,6.44,RU,1650764790
znamenskoye,57.1281,73.8282,27.18,72,40,3.69,RU,1650764790
george town,5.4112,100.3354,84.15,84,20,6.91,MY,1650764791
iqaluit,63.7506,-68.5145,10.13,79,20,0,CA,1650764792
arvika,59.6553,12.5852,39.81,67,1,8.5,SE,1650764792
chifeng,42.2683,118.9636,62.38,18,78,3.11,CN,1650764793
corinth,37.9407,22.9573,58.41,79,1,3.85,GR,1650764793
smolenka,52.1352,113.4974,37.47,56,40,11.18,RU,1650764794
aleksandrov gay,50.147,48.5704,45.21,93,71,5.41,RU,1650764795
chongoyape,-6.6406,-79.3892,73.15,81,100,3.04,PE,1650764795
lobito,-12.3481,13.5456,76.69,82,87,0.6,AO,1650764796
mier,26.4333,-99.15,79.88,63,61,24.25,MX,1650764797
mujiayingzi,42.1167,118.7833,61.84,18,90,2.75,CN,1650764797
chimbote,-9.0853,-78.5783,66.85,88,85,6.89,PE,1650764798
batemans bay,-35.7167,150.1833,66.09,69,15,6.24,AU,1650764799
ligayan,4.6533,119.4706,83.32,72,29,1.57,PH,1650764799
marystown,47.1666,-55.1483,38.86,100,100,5.01,CA,1650764800
ambon,-3.6954,128.1814,95.14,52,40,4.61,ID,1650764800
kieta,-6.2167,155.6333,85.46,61,59,5.06,PG,1650764801
miranda,3.2499,-76.2281,71.73,89,43,3.24,CO,1650764716
panjab,34.388,67.0233,47.14,62,72,0.29,AF,1650764803
havre-saint-pierre,50.2334,-63.5986,35.6,60,20,12.66,CA,1650764803
port blair,11.6667,92.75,86.04,79,20,9.22,IN,1650764733
berasia,23.6333,77.4333,81.05,12,5,13.31,IN,1650764804
tumaco,1.7986,-78.8156,76.59,87,19,3.58,CO,1650764805
tasiilaq,65.6145,-37.6368,35.76,89,91,7.52,GL,1650764806
chagda,,,,,,,,
qandahar,,,,,,,,
juxian,,,,,,,,
tautira,-17.7333,-149.15,79.21,79,96,12.15,PF,1650764808
morant bay,17.8815,-76.4093,76.62,83,94,9.35,JM,1650764808
taksimo,56.3444,114.8794,31.95,51,19,2.37,RU,1650764809
coolum beach,-26.5333,153.1,76.1,67,28,16.98,AU,1650764810
ha tinh,18.3333,105.9,85.89,65,13,0.89,VN,1650764810
nortelandia,-14.4547,-56.8028,73.62,88,100,3.76,BR,1650764811
geraldton,-28.7667,114.6,77.41,38,2,17.27,AU,1650764812
ijaki,,,,,,,,
buala,-8.145,159.5921,85.69,68,24,4.27,SB,1650764813
taoudenni,22.6783,-3.9836,75.54,18,11,10.25,ML,1650764813
